drug_id,drug_name,disease_id,disease_name,Model,Total_Abstracts,Analyzed,Positive,Neutral,Negative,Human_Studies,Animal_in_vivo_Studies,In_vitro_Studies,Review_Studies,Computational_Studies,Not_specified_Studies,rank,Rate_Positive,Rate_Neutral,Rate_Negative,Criterion_1,Criterion_2,has_clinical_trial,clinical_trial_count,clinical_trial_id,additional_trials,search_status,primary_completion_date,study_phase,trial_conditions,trial_status,trial_title
14196,Propranolol,99214,cardiomyopathy due to anthracyclines,RLR,200,200,2,196,2,95,60,16,20,1,8,1,0.01,0.98,0.01,Potentially Therapeutic,Potentially Therapeutic,Yes,1,NCT05427474,,Success - Found and processed details,2023-09-30 (ESTIMATED),PHASE3,Traumatic Brain Injury,UNKNOWN,Role of Combined Therapy of Propranolol and Gabapentin in Paroxysmal Sympathetic Hyperactivity in Traumatic Brain Injury
15399,Acefylline,99214,cardiomyopathy due to anthracyclines,TxGNN,1,1,0,1,0,,,,,,,1,0,1,0,Neutral Relation,No Positive Sign,No,0,,,No trials found,,,,,
15399,Acefylline,99214,cardiomyopathy due to anthracyclines,RLR,1,1,0,1,0,,,,,,,6,0,1,0,Neutral Relation,No Positive Sign,No,0,,,No trials found,,,,,
14783,Caffeine,99214,cardiomyopathy due to anthracyclines,CompGCN,59,59,0,49,10,,,,,,,1,0,0.830508475,0.169491525,Potentially Adverse Effect,No Positive Sign,Yes,3,NCT07103057,"NCT03845127,NCT01225978",Success - Found and processed details,2028-12 (ESTIMATED) || 2024-12-31 (ACTUAL) || 2012-12 (ACTUAL),Unknown || NA || Unknown,Hypertrophic Cardiomyopathy --- Ischemic Cardiomyopathy; Heart Failure --- Hypertrophic Cardiomyopathy; Hearing Loss; Cancer,RECRUITING || WITHDRAWN || UNKNOWN,VIZ ACCESS HCM - Multi-Site Registry || Randomized Evaluation and Verification of Ventricular Enhancement || Refining Information Technology Support for Genetics in Medicine
15446,Bosentan,99214,cardiomyopathy due to anthracyclines,RLR,198,198,2,184,12,78,34,2,75,1,8,2,0.01010101,0.929292929,0.060606061,Potentially Adverse Effect,Potentially Therapeutic,No,0,,,No trials found,,,,,
16036,Acetylcysteine,99214,cardiomyopathy due to anthracyclines,CompGCN,128,128,11,113,4,,,,,,,2,0.0859375,0.8828125,0.03125,Potentially Therapeutic,Potentially Therapeutic,Yes,1,NCT01537926,,Success - Found and processed details,2016-12-31 (ACTUAL),PHASE1,Hypertrophic Cardiomyopathy,COMPLETED,Hypertrophic Regression With N-Acetylcysteine in HCM
18314,Benzoic acid,99214,cardiomyopathy due to anthracyclines,RLR,37,37,0,33,4,2,22,12,1,0,0,3,0,0.891891892,0.108108108,Potentially Adverse Effect,No Positive Sign,No,0,,,No trials found,,,,,
16281,Cysteine,99214,cardiomyopathy due to anthracyclines,CompGCN,200,200,3,197,0,,,,,,,3,0.015,0.985,0,Potentially Therapeutic,Potentially Therapeutic,No,0,,,No trials found,,,,,
20423,Aminobenzoic acid,99214,cardiomyopathy due to anthracyclines,RLR,4,4,0,3,1,2,0,1,1,0,0,4,0,0.75,0.25,Potentially Adverse Effect,No Positive Sign,No,0,,,No trials found,,,,,
14955,Vincristine,99214,cardiomyopathy due to anthracyclines,CompGCN,34,34,1,33,0,,,,,,,4,0.029411765,0.970588235,0,Potentially Therapeutic,Potentially Therapeutic,Yes,1,NCT06220032,,Success - Found and processed details,2028-12-15 (ESTIMATED),PHASE3,DLBCL - Diffuse Large B Cell Lymphoma,RECRUITING,Prevention of Anthracycline-Induced Cardiac Dysfunction With Dexrazoxane in Patients With Diffuse Large-B Cell Lymphoma
14226,Zileuton,99214,cardiomyopathy due to anthracyclines,TxGNN,1,1,0,1,0,,,,,,,4,0,1,0,Neutral Relation,No Positive Sign,No,0,,,No trials found,,,,,
14686,Clomifene,99214,cardiomyopathy due to anthracyclines,CompGCN,1,1,0,1,0,,,,,,,5,0,1,0,Neutral Relation,No Positive Sign,No,0,,,No trials found,,,,,
17568,Tulobuterol,99214,cardiomyopathy due to anthracyclines,TxGNN,1,1,0,1,0,,,,,,,5,0,1,0,Neutral Relation,No Positive Sign,No,0,,,No trials found,,,,,
15412,Histamine,99214,cardiomyopathy due to anthracyclines,CompGCN,16,16,0,16,0,,,,,,,6,0,1,0,Neutral Relation,No Positive Sign,No,0,,,No trials found,,,,,
17221,Levosimendan,99214,cardiomyopathy due to anthracyclines,RLR,200,200,2,192,6,112,21,10,45,2,10,7,0.01,0.96,0.03,Potentially Adverse Effect,Potentially Therapeutic,Yes,2,NCT02640846,NCT04166331,Success - Found and processed details,2019-01 (ESTIMATED) || 2025-07-01 (ACTUAL),PHASE4 || PHASE3,Septic Shock; Cardiomyopathy --- Sepsis; Cardiomyopathies; Hypoperfusion; Left Ventricular Systolic Dysfunction,UNKNOWN || COMPLETED,"Effects of Levosimendan, Milrinone and Norepinephrine on Left and Right Ventricular Function in Septic Shock || Adjunctive DobutAmine in sePtic Cardiomyopathy With Tissue Hypoperfusion"
14792,Paclitaxel,99214,cardiomyopathy due to anthracyclines,CompGCN,46,46,0,36,10,,,,,,,7,0,0.782608696,0.217391304,Potentially Adverse Effect,No Positive Sign,Yes,1,NCT02677714,,Success - Found and processed details,2018-10-12 (ACTUAL),PHASE2,Breast Cancer; Doxorubicin Induced Cardiomyopathy,TERMINATED,99mTc-rhAnnexin V-128 Imaging and Cardiotoxicity in Patients With Early Breast Cancer
20598,Ibopamine,99214,cardiomyopathy due to anthracyclines,RLR,12,12,0,9,3,4,0,1,7,0,0,8,0,0.75,0.25,Potentially Adverse Effect,No Positive Sign,No,0,,,No trials found,,,,,
16219,Alprostadil,99214,cardiomyopathy due to anthracyclines,CompGCN,11,11,0,11,0,,,,,,,8,0,1,0,Neutral Relation,No Positive Sign,No,0,,,No trials found,,,,,
20613,Azosemide,99214,cardiomyopathy due to anthracyclines,RLR,24,24,0,22,2,19,1,0,4,0,0,9,0,0.916666667,0.083333333,Potentially Adverse Effect,No Positive Sign,No,0,,,No trials found,,,,,
15160,Arformoterol,99214,cardiomyopathy due to anthracyclines,TxGNN,1,1,0,1,0,,,,,,,9,0,1,0,Neutral Relation,No Positive Sign,No,0,,,No trials found,,,,,
14194,Methotrexate,99214,cardiomyopathy due to anthracyclines,CompGCN,57,57,0,54,3,,,,,,,9,0,0.947368421,0.052631579,Potentially Adverse Effect,No Positive Sign,No,0,,,No trials found,,,,,
14108,Ubidecarenone,99214,cardiomyopathy due to anthracyclines,RLR,4,4,1,3,0,2,1,1,0,0,0,10,0.25,0.75,0,Potentially Therapeutic,Potentially Therapeutic,Yes,3,NCT02847585,"NCT01793168,NCT02115581",Success - Found and processed details,2018-05-30 (ACTUAL) || 2100-12 (ESTIMATED) || 2008-03 (ACTUAL),NA || Unknown || PHASE4,"Pediatric Dilated Cardiomyopathy --- Rare Disorders; Undiagnosed Disorders; Disorders of Unknown Prevalence; Cornelia De Lange Syndrome; Prenatal Benign Hypophosphatasia; Perinatal Lethal Hypophosphatasia; Odontohypophosphatasia; Adult Hypophosphatasia; Childhood-onset Hypophosphatasia; Infantile Hypophosphatasia; Hypophosphatasia; Kabuki Syndrome; Bohring-Opitz Syndrome; Narcolepsy Without Cataplexy; Narcolepsy-cataplexy; Hypersomnolence Disorder; Idiopathic Hypersomnia Without Long Sleep Time; Idiopathic Hypersomnia With Long Sleep Time; Idiopathic Hypersomnia; Kleine-Levin Syndrome; Kawasaki Disease; Leiomyosarcoma; Leiomyosarcoma of the Corpus Uteri; Leiomyosarcoma of the Cervix Uteri; Leiomyosarcoma of Small Intestine; Acquired Myasthenia Gravis; Addison Disease; Hyperacusis (Hyperacousis); Juvenile Myasthenia Gravis; Transient Neonatal Myasthenia Gravis; Williams Syndrome; Lyme Disease; Myasthenia Gravis; Marinesco Sjogren Syndrome(Marinesco-Sjogren Syndrome); Isolated Klippel-Feil Syndrome; Frasier Syndrome; Denys-Drash Syndrome; Beckwith-Wiedemann Syndrome; Emanuel Syndrome; Isolated Aniridia; Axenfeld-Rieger Syndrome; Aniridia-intellectual Disability Syndrome; Aniridia - Renal Agenesis - Psychomotor Retardation; Aniridia - Ptosis - Intellectual Disability - Familial Obesity; Aniridia - Cerebellar Ataxia - Intellectual Disability; Aniridia - Absent Patella; Aniridia; Peters Anomaly - Cataract; Peters Anomaly; Potocki-Shaffer Syndrome; Silver-Russell Syndrome Due to Maternal Uniparental Disomy of Chromosome 11; Silver-Russell Syndrome Due to Imprinting Defect of 11p15; Silver-Russell Syndrome Due to 11p15 Microduplication; Syndromic Aniridia; WAGR Syndrome; Wolf-Hirschhorn Syndrome; 4p16.3 Microduplication Syndrome; 4p Deletion Syndrome, Non-Wolf-Hirschhorn Syndrome; Autosomal Recessive Stickler Syndrome; Stickler Syndrome Type 2; Stickler Syndrome Type 1; Stickler Syndrome; Mucolipidosis Type 4; X-linked Spinocerebellar Ataxia Type 4; X-linked Spinocerebellar Ataxia Type 3; X-linked Intellectual Disability - Ataxia - Apraxia; X-linked Progressive Cerebellar Ataxia; X-linked Non Progressive Cerebellar Ataxia; X-linked Cerebellar Ataxia; Vitamin B12 Deficiency Ataxia; Toxic Exposure Ataxia; Unclassified Autosomal Dominant Spinocerebellar Ataxia; Thyroid Antibody Ataxia; Sporadic Adult-onset Ataxia of Unknown Etiology; Spinocerebellar Ataxia With Oculomotor Anomaly; Spinocerebellar Ataxia With Epilepsy; Spinocerebellar Ataxia With Axonal Neuropathy Type 2; Spinocerebellar Ataxia Type 8; Spinocerebellar Ataxia Type 7; Spinocerebellar Ataxia Type 6; Spinocerebellar Ataxia Type 5; Spinocerebellar Ataxia Type 4; Spinocerebellar Ataxia Type 37; Spinocerebellar Ataxia Type 36; Spinocerebellar Ataxia Type 35; Spinocerebellar Ataxia Type 34; Spinocerebellar Ataxia Type 32; Spinocerebellar Ataxia Type 31; Spinocerebellar Ataxia Type 30; Spinocerebellar Ataxia Type 3; Spinocerebellar Ataxia Type 29; Spinocerebellar Ataxia Type 28; Spinocerebellar Ataxia Type 27; Spinocerebellar Ataxia Type 26; Spinocerebellar Ataxia Type 25; Spinocerebellar Ataxia Type 23; Spinocerebellar Ataxia Type 22; Spinocerebellar Ataxia Type 21; Spinocerebellar Ataxia Type 20; Spinocerebellar Ataxia Type 2; Spinocerebellar Ataxia Type 19/22; Spinocerebellar Ataxia Type 18; Spinocerebellar Ataxia Type 17; Spinocerebellar Ataxia Type 16; Spinocerebellar Ataxia Type 15/16; Spinocerebellar Ataxia Type 14; Spinocerebellar Ataxia Type 13; Spinocerebellar Ataxia Type 12; Spinocerebellar Ataxia Type 11; Spinocerebellar Ataxia Type 10; Spinocerebellar Ataxia Type 1 With Axonal Neuropathy; Spinocerebellar Ataxia Type 1; Spinocerebellar Ataxia - Unknown; Spinocerebellar Ataxia - Dysmorphism; Non Progressive Epilepsy and/or Ataxia With Myoclonus as a Major Feature; Spasticity-ataxia-gait Anomalies Syndrome; Spastic Ataxia With Congenital Miosis; Spastic Ataxia - Corneal Dystrophy; Spastic Ataxia; Rare Hereditary Ataxia; Rare Ataxia; Recessive Mitochondrial Ataxia Syndrome; Progressive Epilepsy and/or Ataxia With Myoclonus as a Major Feature; Posterior Column Ataxia - Retinitis Pigmentosa; Post-Stroke Ataxia; Post-Head Injury Ataxia; Post Vaccination Ataxia; Polyneuropathy - Hearing Loss - Ataxia - Retinitis Pigmentosa - Cataract; Muscular Atrophy - Ataxia - Retinitis Pigmentosa - Diabetes Mellitus; Non-hereditary Degenerative Ataxia; Paroxysmal Dystonic Choreathetosis With Episodic Ataxia and Spasticity; Olivopontocerebellar Atrophy - Deafness; NARP Syndrome; Myoclonus - Cerebellar Ataxia - Deafness; Multiple System Atrophy, Parkinsonian Type; Multiple System Atrophy, Cerebellar Type; Multiple System Atrophy; Maternally-inherited Leigh Syndrome; Machado-Joseph Disease Type 3; Machado-Joseph Disease Type 2; Machado-Joseph Disease Type 1; Leigh Syndrome; Late-onset Ataxia With Dementia; Infection or Post Infection Ataxia; GAD Ataxia; Hereditary Episodic Ataxia; Gliadin/Gluten Ataxia; Friedreich Ataxia; Fragile X-associated Tremor/Ataxia Syndrome; Familial Paroxysmal Ataxia; Exposure to Medications Ataxia; Episodic Ataxia With Slurred Speech; Episodic Ataxia Unknown Type; Episodic Ataxia Type 7; Episodic Ataxia Type 6; Episodic Ataxia Type 5; Episodic Ataxia Type 4; Episodic Ataxia Type 3; Episodic Ataxia Type 1; Epilepsy and/or Ataxia With Myoclonus as Major Feature; Early-onset Spastic Ataxia-neuropathy Syndrome; Early-onset Progressive Neurodegeneration - Blindness - Ataxia - Spasticity; Early-onset Cerebellar Ataxia With Retained Tendon Reflexes; Early-onset Ataxia With Dementia; Childhood-onset Autosomal Recessive Slowly Progressive Spinocerebellar Ataxia; Dilated Cardiomyopathy With Ataxia; Cataract - Ataxia - Deafness; Cerebellar Ataxia, Cayman Type; Cerebellar Ataxia With Peripheral Neuropathy; Cerebellar Ataxia - Hypogonadism; Cerebellar Ataxia - Ectodermal Dysplasia; Cerebellar Ataxia - Areflexia - Pes Cavus - Optic Atrophy - Sensorineural Hearing Loss; Brain Tumor Ataxia; Brachydactyly - Nystagmus - Cerebellar Ataxia; Benign Paroxysmal Tonic Upgaze of Childhood With Ataxia; Autosomal Recessive Syndromic Cerebellar Ataxia; Autosomal Recessive Spastic Ataxia With Leukoencephalopathy; Autosomal Recessive Spastic Ataxia of Charlevoix-Saguenay; Autosomal Recessive Spastic Ataxia - Optic Atrophy - Dysarthria; Autosomal Recessive Spastic Ataxia; Autosomal Recessive Metabolic Cerebellar Ataxia; Autosomal Dominant Spinocerebellar Ataxia Due to Repeat Expansions That do Not Encode Polyglutamine; Autosomal Recessive Ataxia, Beauce Type; Autosomal Recessive Ataxia Due to Ubiquinone Deficiency; Autosomal Recessive Ataxia Due to PEX10 Deficiency; Autosomal Recessive Degenerative and Progressive Cerebellar Ataxia; Autosomal Recessive Congenital Cerebellar Ataxia Due to MGLUR1 Deficiency; Autosomal Recessive Congenital Cerebellar Ataxia Due to GRID2 Deficiency; Autosomal Recessive Congenital Cerebellar Ataxia; Autosomal Recessive Cerebellar Ataxia-pyramidal Signs-nystagmus-oculomotor Apraxia Syndrome; Autosomal Recessive Cerebellar Ataxia-epilepsy-intellectual Disability Syndrome Due to WWOX Deficiency; Autosomal Recessive Cerebellar Ataxia-epilepsy-intellectual Disability Syndrome Due to TUD Deficiency; Autosomal Recessive Cerebellar Ataxia-epilepsy-intellectual Disability Syndrome Due to KIAA0226 Deficiency; Autosomal Recessive Cerebellar Ataxia-epilepsy-intellectual Disability Syndrome; Autosomal Recessive Cerebellar Ataxia With Late-onset Spasticity; Autosomal Recessive Cerebellar Ataxia Due to STUB1 Deficiency; Autosomal Recessive Cerebellar Ataxia Due to a DNA Repair Defect; Autosomal Recessive Cerebellar Ataxia - Saccadic Intrusion; Autosomal Recessive Cerebellar Ataxia - Psychomotor Retardation; Autosomal Recessive Cerebellar Ataxia - Blindness - Deafness; Autosomal Recessive Cerebellar Ataxia; Autosomal Dominant Spinocerebellar Ataxia Due to a Polyglutamine Anomaly; Autosomal Dominant Spinocerebellar Ataxia Due to a Point Mutation; Autosomal Dominant Spinocerebellar Ataxia Due to a Channelopathy; Autosomal Dominant Spastic Ataxia Type 1; Autosomal Dominant Spastic Ataxia; Autosomal Dominant Optic Atrophy; Ataxia-telangiectasia Variant; Ataxia-telangiectasia; Autosomal Dominant Cerebellar Ataxia, Deafness and Narcolepsy; Autosomal Dominant Cerebellar Ataxia Type 4; Autosomal Dominant Cerebellar Ataxia Type 3; Autosomal Dominant Cerebellar Ataxia Type 2; Autosomal Dominant Cerebellar Ataxia Type 1; Autosomal Dominant Cerebellar Ataxia; Ataxia-telangiectasia-like Disorder; Ataxia With Vitamin E Deficiency; Ataxia With Dementia; Ataxia - Oculomotor Apraxia Type 1; Ataxia - Other; Ataxia - Genetic Diagnosis - Unknown; Acquired Ataxia; Adult-onset Autosomal Recessive Cerebellar Ataxia; Alcohol Related Ataxia; Multiple Endocrine Neoplasia; Multiple Endocrine Neoplasia Type II; Multiple Endocrine Neoplasia Type 1; Multiple Endocrine Neoplasia Type 2; Multiple Endocrine Neoplasia, Type IV; Multiple Endocrine Neoplasia, Type 3; Multiple Endocrine Neoplasia (MEN) Syndrome; Multiple Endocrine Neoplasia Type 2B; Multiple Endocrine Neoplasia Type 2A; Atypical Hemolytic Uremic Syndrome; Atypical HUS; Wiedemann-Steiner Syndrome; Breast Implant-Associated Anaplastic Large Cell Lymphoma; Autoimmune/Inflammatory Syndrome Induced by Adjuvants (ASIA); Hemophagocytic Lymphohistiocytosis; Behcet&#39;s Disease; Alagille Syndrome; Inclusion Body Myopathy With Early-onset Paget Disease and Frontotemporal Dementia (IBMPFD); Lowe Syndrome; Pitt Hopkins Syndrome; 1p36 Deletion Syndrome; Jansen Type Metaphyseal Chondrodysplasia; Cockayne Syndrome; Chronic Recurrent Multifocal Osteomyelitis; CRMO; Malan Syndrome; Hereditary Sensory and Autonomic Neuropathy Type Ie; VCP Disease; Hypnic Jerking; Sleep Myoclonus; Mollaret Meningitis; Recurrent Viral Meningitis; CRB1; Leber Congenital Amaurosis; Retinitis Pigmentosa; Rare Retinal Disorder; KCNMA1-Channelopathy; Primary Biliary Cirrhosis; ZMYND11; Transient Global Amnesia; Glycogen Storage Disease; Alstrom Syndrome; White Sutton Syndrome; DNM1; EIEE31; Myhre Syndrome; Recurrent Respiratory Papillomatosis; Laryngeal Papillomatosis; Tracheal Papillomatosis; Refsum Disease; Nicolaides Baraitser Syndrome; Leukodystrophy; Tango2; Cauda Equina Syndrome; Rare Gastrointestinal Disorders; Achalasia-Addisonian Syndrome; Achalasia Cardia; Achalasia Icrocephaly Syndrome; Anal Fistula; Congenital Sucrase-Isomaltase Deficiency; Eosinophilic Gastroenteritis; Idiopathic Gastroparesis; Hirschsprung Disease; Rare Inflammatory Bowel Disease; Intestinal Pseudo-Obstruction; Scleroderma; Short Bowel Syndrome; Sacral Agenesis; Sacral Agenesis Syndrome; Caudal Regression; Scheuermann Disease; SMC1A Truncated Mutations (Causing Loss of Gene Function); Cystinosis; Juvenile Nephropathic Cystinosis; Nephropathic Cystinosis; Kennedy Disease; Spinal Bulbar Muscular Atrophy; Warburg Micro Syndrome; Mucolipidoses; Mitochondrial Diseases; Mitochondrial Aminoacyl-tRNA Synthetases; Mt-aaRS Disorders; Hypertrophic Olivary Degeneration; Non-Ketotic Hyperglycinemia; Fish Odor Syndrome; Halitosis; Isolated Congenital Asplenia; Lambert Eaton (LEMS); Biliary Atresia; STAG1 Gene Mutation; Coffin Lowry Syndrome; Borjeson-Forssman-Lehman Syndrome; Blau Syndrome; Arginase 1 Deficiency; HSPB8 Myopathy; Beta-Mannosidosis; TBX4 Syndrome; DHDDS Gene Mutations; MAND-MBD5-Associated Neurodevelopmental Disorder; Constitutional Mismatch Repair Deficiency (CMMRD); SPATA5 Disorder; SPATA5L1 Related Disorder; Acrodysostosis; Multi-systematic Smooth Muscle Dysfunction Syndrome; CRELD1 (Cysteine Rich With EGF Like Domains 1); GNB1 Syndrome; Pyruvate Dehydrogenase Complex Deficiency Disease; Beta Mannosidosis; Kbg Syndrome; Labrune Syndrome; Metachromatic Leukodystrophy (MLD); Moyamoya Disease; OPHN1 Syndrome; Oculopharyngeal Muscular Dystrophy (OPMD); TUBB3 Mutation; WOREE (WWOX-related Epileptic Encephalopathy; SCAR12; Skraban-Deardorff Syndrome; Hereditary Myopathy With Early Respiratory Failure --- Dilated Cardiomyopathy",COMPLETED || RECRUITING || COMPLETED,Potential Role of Water-soluble Ubiquinol in Complementary Therapy for Pediatric Dilated Cardiomyopathy || Rare Disease Patient Registry & Natural History Study - Coordination of Rare Diseases at Sanford || Coenzyme Q10 Supplementation in Children With Idiopathic Dilated Cardiomyopathy
15288,Interferon alfa-2b,99214,cardiomyopathy due to anthracyclines,TxGNN,2,2,0,0,2,,,,,,,10,0,0,1,Potentially Adverse Effect,No Positive Sign,Yes,1,NCT03761511,,Success - Found and processed details,2025-06 (ESTIMATED),PHASE2,Friedreich Ataxia,WITHDRAWN,Study of the Efficacy and Safety of Nicotinamide in Patients With Friedreich Ataxia
14060,Levothyroxine,99214,cardiomyopathy due to anthracyclines,CompGCN,167,167,0,159,8,,,,,,,10,0,0.952095808,0.047904192,Potentially Adverse Effect,No Positive Sign,Yes,2,NCT00935012,NCT05375279,Success - Found and processed details,2019-11-20 (ACTUAL) || 2022-12-31 (ESTIMATED),PHASE3 || Unknown,ATTR-CM; TTR-CM --- Amyloidosis,COMPLETED || UNKNOWN,Safety And Efficacy Evaluation Of Fx-1006a In Patients With V122i Or Wild-Type Transthyretin (TTR) Amyloid Cardiomyopathy || A PILOT Study on LSGB vs EMB in the Diagnosis of Cardiac Transthyretin Amyloidosis
14591,Glycine,99214,cardiomyopathy due to anthracyclines,CompGCN,129,129,1,127,1,,,,,,,11,0.007751938,0.984496124,0.007751938,Potentially Therapeutic,Potentially Therapeutic,Yes,1,NCT05687474,,Success - Found and processed details,2025-06-02 (ACTUAL),Unknown,"Congenital Adrenal Hyperplasia; Familial Hyperinsulinemic Hypoglycemia 1; Phosphoglucomutase 1 Deficiency; Maturity Onset Diabetes of the Young; Cystic Fibrosis; Hypophosphatasia, Infantile; Congenital Hypothyroidism; Deficit in Anterior Pituitary Function and Variable Immunodeficiency; Pituitary Hormone Deficiency, Combined; Diamond Blackfan Anemia; Wiskott-Aldrich Syndrome; Fanconi Anemia; Hemophilia A; Hemophilia B; Glucose 6 Phosphate Dehydrogenase Deficiency; Alpha-Thalassemia; Sickle Cell Disease; Shwachman-Diamond Syndrome; Alpha 1-Antitrypsin Deficiency; Inflammatory Bowel Disease 25, Autosomal Recessive; Wilson Disease; Progressive Familial Intrahepatic Cholestasis; Crigler-Najjar Syndrome; Familial Chylomicronemia; Lysosomal Acid Lipase Deficiency; Familial Hemophagocytic Lymphocytosis; Griscelli Syndrome; Chediak-Higashi Syndrome; Severe Congenital Neutropenia; Severe Combined Immune Deficiency; Chronic Granulomatous Disease; Menkes Disease; Adrenoleukodystrophy; Smith-Lemli-Opitz Syndrome; Ataxia With Vitamin E Deficiency; Thiamine Metabolism Dysfunction Syndrome 5 (Episodic Encephalopathy Type); Thiamine Metabolism Dysfunction Syndrome 4 (Bilateral Striatal Degeneration and Progressive Polyneuropathy Type); Thiamine-Responsive Megaloblastic Anemia; Thiamine Metabolism Dysfunction Syndrome 2; Deficiency of GOT2; Cerebral Folate Transport Deficiency; Segawa Syndrome, Autosomal Recessive; Congenital Myasthenic Syndrome; Metachromatic Leukodystrophy; Sepiapterin Reductase Deficiency; Dopamine Beta Hydroxylase Deficiency; Glut1 Deficiency Syndrome; Late-Infantile Neuronal Ceroid Lipofuscinosis; Aromatic L-amino Acid Decarboxylase Deficiency; Charcot-Marie-Tooth Disease, Type 6C; Hereditary Hyperekplexia; Brain Dopamine-Serotonin Vesicular Transport Disease; Very Long Chain Hydroxy Acyl Dehydrogenase Deficiency; Tyrosinemia, Type I; Disaccharide Intolerance I; Beta Ketothiolase Deficiency; Phosphoglycerate Dehydrogenase Deficiency; Succinyl-Coa:3-Ketoacid Coa-Transferase Deficiency; Pyridoxine-5'-Phosphate Oxidase Deficiency; Pyridoxine-Dependent Epilepsy; Propionic Acidemia; Pompe Disease; Phenylalanine Hydroxylase Deficiency; Ornithine Transcarbamylase Deficiency; N Acetyl Glutamate Synthetase Deficiency; Riboflavin Deficiency; Maple Syrup Urine Disease; Medium Chain Acyl CoA Dehydrogenase Deficiency; Malonic Acidemia; Long-chain 3-hydroxyacyl-CoA Dehydrogenase Deficiency; Isovaleric Acidemia; Phosphoserine Aminotransferase Deficiency; Phosphoserine Phosphatase Deficiency; Hyperornithinemia-Hyperammonemia-Homocitrullinuria; S-Adenosylhomocysteine Hydrolase Deficiency; Mucopolysaccharidosis VII; Mucopolysaccharidosis VI; Mucopolysaccharidosis IV A; Mucopolysaccharidosis II; Mucopolysaccharidosis I; Transcobalamin Deficiency; Isolated Methylmalonic Acidemia; Cobalamin Deficiency; Homocystinuria; Holocarboxylase Synthetase Deficiency; Fanconi Bickel Syndrome; Glycogen Storage Disease; Glycine Encephalopathy; Glutaric Acidemia I; Glucose Galactose Malabsorption; Gaucher Disease, Type 1; Galactosemias; Fructosemia; Fructose-1,6-Diphosphatase Deficiency; Carbamoyl Phosphate Synthase 1 Deficiency; Citrullinemia Type II; Citrullinemia 1; Creatine Deficiency Syndrome; Systemic Primary Carnitine Deficiency; Carnitine Palmitoyltransferase Deficiency 2; Carnitine Palmitoyltransferase Deficiency 1; Carnitine Acylcarnitine Translocase Deficiency; Riboflavin Transporter Deficiency; Branched-Chain Keto Acid Dehydrogenase Kinase Deficiency; Andersen Tawil Syndrome; Timothy Syndrome; Jervell-Lange Nielsen Syndrome; Catecholaminergic Polymorphic Ventricular Tachycardia; Familial Hypertrophic Cardiomyopathy Type 4; Pseudohypoaldosteronism, Type II; Pseudohypoaldosteronism Type 1; Primary Hyperoxaluria; X Linked Hypophosphatemia; Hereditary Nephrogenic Diabetes Insipidus; Cystinosis; Congenital Nephrotic Syndrome, Finnish Type; Alport Syndrome; Hereditary Retinoblastoma; Biotinidase Deficiency; Aciduria, Argininosuccinic; Argininemia; Acyl-CoA Dehydrogenase Family, Member 9, Deficiency of; 3-Hydroxy 3-Methyl Glutaric Aciduria; 3-Hydroxy-3-Methylglutaryl-CoA Synthase 2 Deficiency",COMPLETED,Baby Detect : Genomic Newborn Screening
16698,Enalaprilat,99214,cardiomyopathy due to anthracyclines,RLR,57,57,1,55,1,29,13,3,12,0,0,12,0.01754386,0.964912281,0.01754386,Potentially Therapeutic,Potentially Therapeutic,Yes,9,NCT04023227,"NCT02654678,NCT01557140,NCT02652728,NCT00741156,NCT00354328,NCT03071653,NCT00001534,NCT04853758",Success - Found and processed details,2025-03-16 (ACTUAL) || 2018-04 (ESTIMATED) || 2004-03 (ACTUAL) || 2017-06 (ESTIMATED) || 2010-01 (ACTUAL) || Unknown (None) || 2021-11 (ESTIMATED) || Unknown (None) || 2024-12-01 (ESTIMATED),PHASE4 || PHASE2 || PHASE4 || PHASE2 || PHASE3 || Unknown || PHASE2 || Unknown || PHASE3,"Chagas Disease; Heart Failure --- Heart Failure; Dilated Cardiomyopathy; Congenital Heart Disease --- Chagas Cardiomyopathy; Heart Failure; Dilated Cardiomyopathy --- Heart Failure; Dilated Cardiomyopathy --- Hypertension; Congestive Cardiomyopathy --- Angina, Unstable; Myocardial Infarction; Ischemic Heart Disease --- Dilated Cardiomyopathy; Ischemic Cardiomyopathy; Non-ischemic Cardiomyopathy --- Hypertrophic Cardiomyopathy; Left Ventricular Hypertrophy; Myocardial Ischemia --- Chagas Cardiomyopathy",COMPLETED || UNKNOWN || COMPLETED || UNKNOWN || COMPLETED || COMPLETED || SUSPENDED || COMPLETED || RECRUITING,"Efficacy and Safety of Sacubitril/Valsartan Compared With Enalapril on Morbidity, Mortality, and NT-proBNP Change in Patients With CCC || Follow-up Safety Trial in Children With Chronic Heart Failure Therapy Receiving Orodispersible Minitablets of Enalapril || A Randomized Trial of Carvedilol in Chronic Chagas Cardiomyopathy || Orodispersible Minitablets of Enalapril in Children With Heart Failure Due to Dilated Cardiomyopathy || The Acute Effects of the Angiotensin-converting Enzyme Inhibitor Enalaprilat on Flow Distribution || Heart Function and Exercise Capacity in Patients With Hypertrophic Cardiomyopathy || Left Cardiac Sympathetic Denervation for Cardiomyopathy Feasibility Pilot Study || Long Term Effects of Enalapril and Losartan on Genetic Heart Disease || Angiotensin Receptor-Neprilysin Inhibition in Chagas Cardiomyopathy With Reduced Ejection Fraction: ANSWER-HF."
14276,Hydrochlorothiazide,99214,cardiomyopathy due to anthracyclines,CompGCN,11,11,0,11,0,,,,,,,12,0,1,0,Neutral Relation,No Positive Sign,Yes,1,NCT00745953,,Success - Found and processed details,2009-08 (ESTIMATED),PHASE4,Metabolic Syndrome; Lipotoxicity,WITHDRAWN,Regression of Fatty Heart by Valsartan Therapy
14200,Enalapril,99214,cardiomyopathy due to anthracyclines,RLR,200,200,7,191,2,103,33,1,41,9,13,13,0.035,0.955,0.01,Potentially Therapeutic,Potentially Therapeutic,Yes,9,NCT04023227,"NCT02654678,NCT01557140,NCT02652728,NCT00741156,NCT00354328,NCT03071653,NCT00001534,NCT04853758",Success - Found and processed details,2025-03-16 (ACTUAL) || 2018-04 (ESTIMATED) || 2004-03 (ACTUAL) || 2017-06 (ESTIMATED) || 2010-01 (ACTUAL) || Unknown (None) || 2021-11 (ESTIMATED) || Unknown (None) || 2024-12-01 (ESTIMATED),PHASE4 || PHASE2 || PHASE4 || PHASE2 || PHASE3 || Unknown || PHASE2 || Unknown || PHASE3,"Chagas Disease; Heart Failure --- Heart Failure; Dilated Cardiomyopathy; Congenital Heart Disease --- Chagas Cardiomyopathy; Heart Failure; Dilated Cardiomyopathy --- Heart Failure; Dilated Cardiomyopathy --- Hypertension; Congestive Cardiomyopathy --- Angina, Unstable; Myocardial Infarction; Ischemic Heart Disease --- Dilated Cardiomyopathy; Ischemic Cardiomyopathy; Non-ischemic Cardiomyopathy --- Hypertrophic Cardiomyopathy; Left Ventricular Hypertrophy; Myocardial Ischemia --- Chagas Cardiomyopathy",COMPLETED || UNKNOWN || COMPLETED || UNKNOWN || COMPLETED || COMPLETED || SUSPENDED || COMPLETED || RECRUITING,"Efficacy and Safety of Sacubitril/Valsartan Compared With Enalapril on Morbidity, Mortality, and NT-proBNP Change in Patients With CCC || Follow-up Safety Trial in Children With Chronic Heart Failure Therapy Receiving Orodispersible Minitablets of Enalapril || A Randomized Trial of Carvedilol in Chronic Chagas Cardiomyopathy || Orodispersible Minitablets of Enalapril in Children With Heart Failure Due to Dilated Cardiomyopathy || The Acute Effects of the Angiotensin-converting Enzyme Inhibitor Enalaprilat on Flow Distribution || Heart Function and Exercise Capacity in Patients With Hypertrophic Cardiomyopathy || Left Cardiac Sympathetic Denervation for Cardiomyopathy Feasibility Pilot Study || Long Term Effects of Enalapril and Losartan on Genetic Heart Disease || Angiotensin Receptor-Neprilysin Inhibition in Chagas Cardiomyopathy With Reduced Ejection Fraction: ANSWER-HF."
14936,Erythromycin,99214,cardiomyopathy due to anthracyclines,CompGCN,5,5,0,5,0,,,,,,,13,0,1,0,Neutral Relation,No Positive Sign,Yes,2,NCT05286281,NCT00373919,Success - Found and processed details,2022-05-26 (ACTUAL) || Unknown (None),PHASE1 || NA,Healthy --- Esophagectomy; Postoperative Complications,COMPLETED || UNKNOWN,"A Study To Evaluate The Pharmacokinetics, Excretion, Mass Balance and Metabolism of PF-07265803 || The Effect of Erythromycin on Occurrence of Leaks From Cervical Esophageal-Gastric Anastomosis After Trans-Hiatal Esophagectomy"
17537,Erythropoietin,99214,cardiomyopathy due to anthracyclines,CompGCN,68,68,7,59,2,,,,,,,14,0.102941176,0.867647059,0.029411765,Potentially Therapeutic,Potentially Therapeutic,Yes,5,NCT01493973,"NCT00883415,NCT00568542,NCT00358215,NCT00631202",Success - Found and processed details,2014-10 (ACTUAL) || 2012-11 (ACTUAL) || 2008-10 (ACTUAL) || 2012-10-11 (ACTUAL) || 2008-12 (ACTUAL),PHASE2 || Unknown || PHASE4 || PHASE3 || PHASE2,Friedreich Ataxia --- Cardiomyopathy; Chronic Kidney Disease; Anemia --- Ischemic Cardiomyopathy --- Heart Failure; Anemia; Cardiovascular Disease; Ventricular Dysfunction; Congestive Heart Failure --- Friedreich's Ataxia,COMPLETED || COMPLETED || COMPLETED || COMPLETED || COMPLETED,"Efficacy Study of Epoetin Alfa in Friedreich Ataxia || Myocardial Glucose Uptake (MGU) in Patients With Chronic Kidney Disease || Chronic, Low Dose Erythropoetin Beta in Ischemic Cardiomyopathy || RED-HF™ Trial - Reduction of Events With Darbepoetin Alfa in Heart Failure Trial || Efficacy of Epoetin Alfa in Patients With Friedreich's Ataxia"
14024,Prednisone,99214,cardiomyopathy due to anthracyclines,RLR,200,200,2,193,5,162,6,1,25,1,5,15,0.01,0.965,0.025,Potentially Adverse Effect,Potentially Therapeutic,Yes,5,NCT01210677,"NCT06635863,NCT04654988,NCT05302271,NCT01877746",Success - Found and processed details,2016-04 (ESTIMATED) || 2026-10 (ESTIMATED) || 2027-09-30 (ESTIMATED) || 2028-12-31 (ESTIMATED) || 2015-09 (ESTIMATED),PHASE4 || PHASE4 || PHASE4 || PHASE1 || PHASE3,"Cardiac Sarcoidosis; Sarcoidosis --- Ventricular Arrythmia; Non-ischemic Cardiomyopathy; Arrhythmogenic Inflammatory Cardiomyopathy --- Myocarditis; Heart Failure; Endomyocardial Biopsy; Cardiomyopathies, Secondary; Immunosuppression --- Friedreich Ataxia; Cardiomyopathies; Cardiac Hypertrophy; Myocardial Fibrosis --- Inflammatory Cardiomyopathy",WITHDRAWN || ENROLLING_BY_INVITATION || RECRUITING || RECRUITING || UNKNOWN,Cardiac Sarcoidosis Response To Steroids Trial || Comparing Immune System Suppression to Medication for Unexplained Heart Function and Irregular Heartbeat || Study to Evaluate the Efficacy of Immunosuppression in Myocarditis or Inflammatory Cardiomyopathy. || Phase IA and IB Study of AAVrh.10hFXN Gene Therapy for the Cardiomyopathy of Friedreich's Ataxia || CZECH-ICIT (CZECH Inflammatory Cardiomyopathy Immunosuppression Trial)
14269,Methylprednisolone,99214,cardiomyopathy due to anthracyclines,RLR,200,200,3,191,6,179,10,0,7,0,4,16,0.015,0.955,0.03,Potentially Adverse Effect,Potentially Therapeutic,Yes,7,NCT04467411,"NCT05237323,NCT06220032,NCT05961202,NCT06483802,NCT05570409,NCT03633565",Success - Found and processed details,2030-08-30 (ESTIMATED) || 2025-07-10 (ACTUAL) || 2028-12-15 (ESTIMATED) || 2024-09-01 (ACTUAL) || 2025-10-22 (ACTUAL) || 2025-04-14 (ACTUAL) || 2021-09 (ESTIMATED),Unknown || PHASE3 || PHASE3 || PHASE2 || PHASE1 || PHASE2 || PHASE4,Breast Cancer --- Lymphocytic Myocarditis (Disorder); Heart Failure; Dilated Cardiomyopathy; Cardiomyopathies; Sudden Cardiac Death --- DLBCL - Diffuse Large B Cell Lymphoma --- Inflammatory Cardiomyopathy; Myocarditis --- Friedreich Ataxia; Cardiomyopathy --- Inflammatory Cardiomyopathy --- Myopathy,RECRUITING || COMPLETED || RECRUITING || RECRUITING || WITHDRAWN || TERMINATED || UNKNOWN,The EMBRACE Study The EMBRACE Study || Micophenolate Mofetil Versus Azathioprine in Myocarditis || Prevention of Anthracycline-Induced Cardiac Dysfunction With Dexrazoxane in Patients With Diffuse Large-B Cell Lymphoma || The Effects of Hydroxychloroquine in Patients with Inflammatory Cardiomyopathy || A Study of ASP2016 in Adults Who Have Heart Disease Associated With Friedreich Ataxia || Immunosuppressive Treatment in Chronic Virus-Negative Inflammatory Cardiomyopathy || Comparative Study of Strategies for Management of Duchenne Myopathy (DM)
17407,Pravastatin,99214,cardiomyopathy due to anthracyclines,CompGCN,8,8,0,7,1,,,,,,,16,0,0.875,0.125,Potentially Adverse Effect,No Positive Sign,Yes,1,NCT04190433,,Success - Found and processed details,2023-04-18 (ACTUAL),PHASE2,Breast Carcinoma; Hematopoietic and Lymphoid Cell Neoplasm; Lymphoma; Sarcoma,WITHDRAWN,"Autophagy Activation for the Alleviation of Cardiomyopathy Symptoms After Anthracycline Treatment, ATACAR Trial"
14019,Betamethasone,99214,cardiomyopathy due to anthracyclines,RLR,19,19,0,17,2,13,4,0,1,0,1,17,0,0.894736842,0.105263158,Potentially Adverse Effect,No Positive Sign,No,0,,,No trials found,,,,,
14934,Cyclosporine,99214,cardiomyopathy due to anthracyclines,CompGCN,167,167,3,161,3,,,,,,,17,0.017964072,0.964071856,0.017964072,Potentially Therapeutic,Potentially Therapeutic,Yes,2,NCT00001965,NCT05946772,Success - Found and processed details,Unknown (None) || 2027-02 (ESTIMATED),PHASE2 || PHASE2,"Cardiomyopathy, Hypertrophic; Heart Hypertrophy --- Takotsubo Cardiomyopathy",COMPLETED || RECRUITING,Cyclosporine A to Treat Hypertrophic Cardiomyopathy (HCM) || Cyclosporine In Takotsubo Syndrome
14023,Triamcinolone,99214,cardiomyopathy due to anthracyclines,RLR,8,8,0,8,0,4,1,0,3,0,0,18,0,1,0,Neutral Relation,No Positive Sign,No,0,,,No trials found,,,,,
14993,Phenobarbital,99214,cardiomyopathy due to anthracyclines,CompGCN,5,5,0,5,0,,,,,,,18,0,1,0,Neutral Relation,No Positive Sign,No,0,,,No trials found,,,,,
14028,Hydrocortisone,99214,cardiomyopathy due to anthracyclines,RLR,117,117,1,111,5,88,9,5,15,0,0,19,0.008547009,0.948717949,0.042735043,Potentially Adverse Effect,Potentially Therapeutic,Yes,4,NCT04425785,"NCT02827799,NCT05793008,NCT05530135",Success - Found and processed details,2023-09-01 (ACTUAL) || 2012-07 (ACTUAL) || 2026-03-02 (ESTIMATED) || 2023-08-31 (ACTUAL),NA || NA || NA || NA,Takotsubo Cardiomyopathy --- Heart Failure; Insomnia; Cardiomyopathy --- Takotsubo Cardiomyopathy; Sepsis-induced Cardiomyopathy --- Takotsubo Cardiomyopathy,COMPLETED || COMPLETED || RECRUITING || COMPLETED,Physical Exercise and Mental Wellbeing Rehabilitation for Acute Stress-induced Takotsubo Cardiomyopathy: The PLEASE Study || Cognitive Behavioral Therapy for Insomnia in Stable Heart Failure || Characterization of priMary And sEcondary STress Related takOtsubo || Life-style Interventions for Modulating the Brain Phenotype of Takotsubo Cardiomyopathy
14141,Phenytoin,99214,cardiomyopathy due to anthracyclines,CompGCN,7,7,1,6,0,,,,,,,19,0.142857143,0.857142857,0,Potentially Therapeutic,Potentially Therapeutic,No,0,,,No trials found,,,,,
14320,Dexamethasone,99214,cardiomyopathy due to anthracyclines,RLR,200,200,7,176,17,124,34,6,24,6,6,20,0.035,0.88,0.085,Potentially Adverse Effect,Potentially Therapeutic,Yes,1,NCT03044353,,Success - Found and processed details,2019-01-03 (ACTUAL),PHASE2,Amyloidosis,TERMINATED,Multiple Treatment Session Study to Assess GSK2398852 Administered Following and Along With GSK2315698
14940,Lidocaine,99214,cardiomyopathy due to anthracyclines,CompGCN,65,65,0,61,4,,,,,,,20,0,0.938461538,0.061538462,Potentially Adverse Effect,No Positive Sign,Yes,2,NCT06138873,NCT02506335,Success - Found and processed details,2026-11-23 (ESTIMATED) || 2018-05-01 (ACTUAL),NA || EARLY_PHASE1,Ventricular Tachycardia; Ischemic Cardiomyopathy --- Liver Disease; Cardiovascular Disease,RECRUITING || COMPLETED,Ablation-Index Guided Scar-Mediated Ventricular Tachycardia Ablation in Patients With Ischemic Cardiomyopathy || Liver Function Measured by HepQuant-SHUNT in the Prediction of Outcomes in Patients With Heart Disease
14030,Prednisolone,99214,cardiomyopathy due to anthracyclines,RLR,200,200,1,191,8,176,12,0,9,1,2,21,0.005,0.955,0.04,Potentially Adverse Effect,Potentially Therapeutic,Yes,7,NCT04467411,"NCT05237323,NCT06220032,NCT05961202,NCT06483802,NCT05570409,NCT03633565",Success - Found and processed details,2030-08-30 (ESTIMATED) || 2025-07-10 (ACTUAL) || 2028-12-15 (ESTIMATED) || 2024-09-01 (ACTUAL) || 2025-10-22 (ACTUAL) || 2025-04-14 (ACTUAL) || 2021-09 (ESTIMATED),Unknown || PHASE3 || PHASE3 || PHASE2 || PHASE1 || PHASE2 || PHASE4,Breast Cancer --- Lymphocytic Myocarditis (Disorder); Heart Failure; Dilated Cardiomyopathy; Cardiomyopathies; Sudden Cardiac Death --- DLBCL - Diffuse Large B Cell Lymphoma --- Inflammatory Cardiomyopathy; Myocarditis --- Friedreich Ataxia; Cardiomyopathy --- Inflammatory Cardiomyopathy --- Myopathy,RECRUITING || COMPLETED || RECRUITING || RECRUITING || WITHDRAWN || TERMINATED || UNKNOWN,The EMBRACE Study The EMBRACE Study || Micophenolate Mofetil Versus Azathioprine in Myocarditis || Prevention of Anthracycline-Induced Cardiac Dysfunction With Dexrazoxane in Patients With Diffuse Large-B Cell Lymphoma || The Effects of Hydroxychloroquine in Patients with Inflammatory Cardiomyopathy || A Study of ASP2016 in Adults Who Have Heart Disease Associated With Friedreich Ataxia || Immunosuppressive Treatment in Chronic Virus-Negative Inflammatory Cardiomyopathy || Comparative Study of Strategies for Management of Duchenne Myopathy (DM)
14794,Dasatinib,99214,cardiomyopathy due to anthracyclines,CompGCN,11,11,1,10,0,,,,,,,21,0.090909091,0.909090909,0,Potentially Therapeutic,Potentially Therapeutic,No,0,,,No trials found,,,,,
15003,Cortisone acetate,99214,cardiomyopathy due to anthracyclines,RLR,3,3,0,3,0,3,0,0,0,0,0,22,0,1,0,Neutral Relation,No Positive Sign,No,0,,,No trials found,,,,,
16352,Norepinephrine,99214,cardiomyopathy due to anthracyclines,TxGNN,200,200,0,189,11,,,,,,,22,0,0.945,0.055,Potentially Adverse Effect,No Positive Sign,Yes,5,NCT07286643,"NCT03772990,NCT02640846,NCT06800716,NCT01524861",Success - Found and processed details,2028-08-30 (ESTIMATED) || 2025-07-13 (ACTUAL) || 2019-01 (ESTIMATED) || 2026-11 (ESTIMATED) || 2015-12 (ACTUAL),NA || PHASE4 || PHASE4 || Unknown || PHASE4,"Cirrhosis, Liver; Cirrhotic Cardiomyopathy; Septic Shock --- Cardiac Surgery; Cardiopulmonary Bypass --- Septic Shock; Cardiomyopathy --- Heart Failure; Cardiomyopathy --- Apical Ballooning Syndrome; Nervous System Diseases, Sympathetic",RECRUITING || COMPLETED || UNKNOWN || RECRUITING || COMPLETED,"Echocardiography-guided Cirrhosis and Liver Failure-Intensive Care Protocol Sepsis || Calcium Administration in Cardiac Surgery || Effects of Levosimendan, Milrinone and Norepinephrine on Left and Right Ventricular Function in Septic Shock || Impella Reverse Remodeling in End-Stage Heart Failure || Sympathetic Heart Innervation in Patients With Tako-Tsubo Cardiomyopathy"
14784,Theophylline,99214,cardiomyopathy due to anthracyclines,CompGCN,13,13,0,12,1,,,,,,,22,0,0.923076923,0.076923077,Potentially Adverse Effect,No Positive Sign,No,0,,,No trials found,,,,,
15586,Tranilast,99214,cardiomyopathy due to anthracyclines,TxGNN,16,16,1,15,0,,,,,,,23,0.0625,0.9375,0,Potentially Therapeutic,Potentially Therapeutic,No,0,,,No trials found,,,,,
14974,Vardenafil,99214,cardiomyopathy due to anthracyclines,CompGCN,7,7,1,6,0,,,,,,,23,0.142857143,0.857142857,0,Potentially Therapeutic,Potentially Therapeutic,No,0,,,No trials found,,,,,
15180,Fusidic acid,99214,cardiomyopathy due to anthracyclines,CompGCN,1,1,0,1,0,,,,,,,24,0,1,0,Neutral Relation,No Positive Sign,No,0,,,No trials found,,,,,
20239,Penicillamine,99214,cardiomyopathy due to anthracyclines,CompGCN,4,4,0,4,0,,,,,,,25,0,1,0,Neutral Relation,No Positive Sign,No,0,,,No trials found,,,,,
14186,Cisplatin,99214,cardiomyopathy due to anthracyclines,CompGCN,40,40,0,31,9,,,,,,,26,0,0.775,0.225,Potentially Adverse Effect,No Positive Sign,No,0,,,No trials found,,,,,
15284,Interferon beta-1a,99214,cardiomyopathy due to anthracyclines,TxGNN,1,1,0,0,1,,,,,,,26,0,0,1,Potentially Adverse Effect,No Positive Sign,No,0,,,No trials found,,,,,
14128,Ascorbic acid,99214,cardiomyopathy due to anthracyclines,CompGCN,64,64,6,56,2,,,,,,,27,0.09375,0.875,0.03125,Potentially Therapeutic,Potentially Therapeutic,Yes,1,NCT06270498,,Success - Found and processed details,2026-03-14 (ESTIMATED),PHASE4,Chronic Heart Failure; Iron-deficiency; Left Ventricular Systolic Dysfunction,RECRUITING,Effect of Oral sucRosomIal Iron on exerciSE Capacity and Quality of Life in Patients With Heart Failure
14991,Cilostazol,99214,cardiomyopathy due to anthracyclines,TxGNN,6,6,1,5,0,,,,,,,27,0.166666667,0.833333333,0,Potentially Therapeutic,Potentially Therapeutic,No,0,,,No trials found,,,,,
14150,Morphine,99214,cardiomyopathy due to anthracyclines,CompGCN,22,22,0,22,0,,,,,,,28,0,1,0,Neutral Relation,No Positive Sign,Yes,3,NCT00694161,"NCT05394506,NCT06433089",Success - Found and processed details,2010-01 (ACTUAL) || 2027-09-30 (ESTIMATED) || 2023-09-30 (ACTUAL),PHASE2 || NA || Unknown,Cardiomyopathy --- Laminopathies; Emery Dreifuss Muscular Dystrophy 2; LMNA-Related Congenital Muscular Dystrophy; Dilated Cardiomyopathy-1A --- Nerve Block; Transapical Beating-heart Septal Myectomy,COMPLETED || RECRUITING || COMPLETED,The Effects Of Fx-1006A On Transthyretin Stabilization And Clinical Outcome Measures In Patients With V122I Or Wild-Type TTR Amyloid Cardiomyopathy || Modifying Factors in Striated Muscle Laminopathies || Postoperative Pain for Patients After TA-BSM
20263,Ganciclovir,99214,cardiomyopathy due to anthracyclines,CompGCN,9,9,0,9,0,,,,,,,29,0,1,0,Neutral Relation,No Positive Sign,No,0,,,No trials found,,,,,
14868,Thiotepa,99214,cardiomyopathy due to anthracyclines,CompGCN,2,2,0,2,0,,,,,,,30,0,1,0,Neutral Relation,No Positive Sign,No,0,,,No trials found,,,,,
15285,Interferon beta-1b,99214,cardiomyopathy due to anthracyclines,TxGNN,4,4,0,3,1,,,,,,,31,0,0.75,0.25,Potentially Adverse Effect,No Positive Sign,Yes,1,NCT00185250,,Success - Found and processed details,Unknown (None),PHASE2,Cardiomyopathies; Heart Diseases,COMPLETED,Betaferon/ Betaseron (Interferon Beta-1b) in Patients With Chronic Viral Cardiomyopathy
14956,Carbamazepine,99214,cardiomyopathy due to anthracyclines,CompGCN,6,6,0,6,0,,,,,,,32,0,1,0,Neutral Relation,No Positive Sign,No,0,,,No trials found,,,,,
15263,Enasidenib,99214,cardiomyopathy due to anthracyclines,TxGNN,2,2,0,2,0,,,,,,,32,0,1,0,Neutral Relation,No Positive Sign,No,0,,,No trials found,,,,,
14653,Choline,99214,cardiomyopathy due to anthracyclines,CompGCN,36,36,0,36,0,,,,,,,33,0,1,0,Neutral Relation,No Positive Sign,No,0,,,No trials found,,,,,
14265,Phenprocoumon,99214,cardiomyopathy due to anthracyclines,TxGNN,3,3,0,2,1,,,,,,,34,0,0.666666667,0.333333333,Potentially Adverse Effect,No Positive Sign,No,0,,,No trials found,,,,,
15840,Digoxin,99214,cardiomyopathy due to anthracyclines,CompGCN,200,200,2,188,10,,,,,,,36,0.01,0.94,0.05,Potentially Adverse Effect,Potentially Therapeutic,Yes,7,NCT04893629,"NCT00074880,NCT07238452,NCT07321509,NCT01181414,NCT06651073,NCT04308031",Success - Found and processed details,2024-11-30 (ACTUAL) || Unknown (None) || 2032-12-01 (ESTIMATED) || 2027-12-16 (ESTIMATED) || 2014-11 (ACTUAL) || 2028-04-28 (ESTIMATED) || 2020-12-31 (ESTIMATED),NA || Unknown || PHASE4 || PHASE4 || PHASE4 || Unknown || PHASE3,"Cardiomyopathy --- Cardiomyopathy, Hypertrophic --- Heart Failure With Reduced Ejection Fraction; Atrial Fibrillation (AF) --- Acute Heart Failure (AHF) --- Chronic Heart Failure; Cardiomyopathy, Dilated; Atrial Fibrillation --- Transthyretin Amyloid Cardiopathy --- Atrial Fibrillation; Ivabradine; Heart Failure",TERMINATED || COMPLETED || NOT_YET_RECRUITING || RECRUITING || COMPLETED || ACTIVE_NOT_RECRUITING || UNKNOWN,"New Horizons for the Treatment of Cardiomyopathy in Children || The Role of Heart Stiff and Weak Atrium on Exercise Capacity in Patients With Hypertrophic Cardiomyopathy || Optimising Pacing Therapy, Integrated Medical Therapy, and Catheter AbLation for Atrial Fibrillation in Heart Failure Trial || Digoxin After Acute Heart Failure || Spanish Atrial Fibrillation And Resynchronization Study || ATTR-CM: A Multi-country, Non-interventional Disease Registry || Efficacy of Ivabradine in Patient With Both Persistent Atrial Fibrillation and Heart Failure With Reduce Ejection Fraction"
14272,Formoterol,99214,cardiomyopathy due to anthracyclines,TxGNN,1,1,0,1,0,,,,,,,36,0,1,0,Neutral Relation,No Positive Sign,No,0,,,No trials found,,,,,
15018,Midostaurin,99214,cardiomyopathy due to anthracyclines,TxGNN,1,1,0,1,0,,,,,,,37,0,1,0,Neutral Relation,No Positive Sign,No,0,,,No trials found,,,,,
14168,Spironolactone,99214,cardiomyopathy due to anthracyclines,CompGCN,164,164,6,157,1,,,,,,,37,0.036585366,0.957317073,0.006097561,Potentially Therapeutic,Potentially Therapeutic,Yes,11,NCT00125437,"NCT02941315,NCT03593317,NCT06091475,NCT04190433,NCT00226109,NCT01557140,NCT01128101,NCT02948998,NCT02053974,NCT00879060",Success - Found and processed details,Unknown (None) || 2021-10-01 (ACTUAL) || 2027-12 (ESTIMATED) || 2026-08-15 (ESTIMATED) || 2023-04-18 (ACTUAL) || 2011-08 (ESTIMATED) || 2004-03 (ACTUAL) || 2012-12 (ESTIMATED) || 2019-10 (ESTIMATED) || 2012-10 (ACTUAL) || 2011-11 (ACTUAL),NA || PHASE1 || PHASE2 || NA || PHASE2 || PHASE4 || PHASE4 || PHASE4 || PHASE4 || PHASE4 || PHASE4,"Heart Failure, Congestive --- Cardiomyopathy With Unknown Etiology --- Arrhythmogenic Right Ventricular Dysplasia --- Heart Failure; Cardiomyopathy, Dilated; Cardiomyopathies; Heart Diseases --- Breast Carcinoma; Hematopoietic and Lymphoid Cell Neoplasm; Lymphoma; Sarcoma --- Cardiomyopathy, Alcoholic; Alcoholism --- Chagas Cardiomyopathy; Heart Failure; Dilated Cardiomyopathy --- Renal Failure --- Hypertrophic Cardiomyopathy; Fibrosis --- Anthracycline Induced Cardiotoxicity --- Myocardial Fibrosis; Hypertrophic Cardiomyopathy",TERMINATED || COMPLETED || RECRUITING || RECRUITING || WITHDRAWN || SUSPENDED || COMPLETED || UNKNOWN || UNKNOWN || COMPLETED || COMPLETED,"Larger Dose of Spironolactone for the Treatment of Patients With Nonischemic Cardiomyopathy || Risk Stratification of Heart Failure in Cardiomyopathies. || Blockade of the Renin-angiotensin-aldosterone System in Patients With ARVD || Therapy to Maintain Remission in Dilated Cardiomyopathy || Autophagy Activation for the Alleviation of Cardiomyopathy Symptoms After Anthracycline Treatment, ATACAR Trial || Clinical Trial Studying the Effects of Spironolactone on Heart and Skeletal Muscle Function in Chronic Alcoholics || A Randomized Trial of Carvedilol in Chronic Chagas Cardiomyopathy || Effects of Spironolactone in Dialysis || Evaluating the Effect of Spironolactone on Hypertrophic Cardiomyopathy || Spironolactone Against Anthracycline-induced Cardiomyopathy || Clinical and Therapeutic Implications of Fibrosis in Hypertrophic Cardiomyopathy"
14281,Ketoconazole,99214,cardiomyopathy due to anthracyclines,CompGCN,6,6,0,6,0,,,,,,,39,0,1,0,Neutral Relation,No Positive Sign,No,0,,,No trials found,,,,,
14780,Cytarabine,99214,cardiomyopathy due to anthracyclines,CompGCN,27,27,0,22,5,,,,,,,40,0,0.814814815,0.185185185,Potentially Adverse Effect,No Positive Sign,No,0,,,No trials found,,,,,
15254,Levosalbutamol,99214,cardiomyopathy due to anthracyclines,TxGNN,15,15,0,12,3,,,,,,,41,0,0.8,0.2,Potentially Adverse Effect,No Positive Sign,Yes,1,NCT01447069,,Success - Found and processed details,2012-03 (ESTIMATED),NA,Ischemic Cardiomyopathy; Non-ischemic Cardiomyopathy; Heart Failure,UNKNOWN,Use of Beta-agonists in Stable Severe Congestive Heart Failure
14229,Tretinoin,99214,cardiomyopathy due to anthracyclines,CompGCN,58,58,2,52,4,,,,,,,41,0.034482759,0.896551724,0.068965517,Potentially Adverse Effect,Potentially Therapeutic,No,0,,,No trials found,,,,,
14207,Imatinib,99214,cardiomyopathy due to anthracyclines,CompGCN,25,25,0,18,7,,,,,,,42,0,0.72,0.28,Potentially Adverse Effect,No Positive Sign,Yes,1,NCT02281760,,Success - Found and processed details,2018-08-29 (ACTUAL),PHASE2,BRAF V600E Mutation,COMPLETED,Dabrafenib and Trametinib in People With BRAF V600E Mutation Positive Lesions in Erdheim Chester Disease
14263,Salmeterol,99214,cardiomyopathy due to anthracyclines,TxGNN,1,1,0,1,0,,,,,,,43,0,1,0,Neutral Relation,No Positive Sign,No,0,,,No trials found,,,,,
14153,Valproic acid,99214,cardiomyopathy due to anthracyclines,CompGCN,28,28,0,23,5,,,,,,,43,0,0.821428571,0.178571429,Potentially Adverse Effect,No Positive Sign,No,0,,,No trials found,,,,,
15739,Ivosidenib,99214,cardiomyopathy due to anthracyclines,TxGNN,1,1,0,1,0,,,,,,,44,0,1,0,Neutral Relation,No Positive Sign,No,0,,,No trials found,,,,,
14184,Ritonavir,99214,cardiomyopathy due to anthracyclines,CompGCN,12,12,0,8,4,,,,,,,44,0,0.666666667,0.333333333,Potentially Adverse Effect,No Positive Sign,No,0,,,No trials found,,,,,
16347,Ferrous fumarate,99214,cardiomyopathy due to anthracyclines,CompGCN,1,1,0,1,0,,,,,,,45,0,1,0,Neutral Relation,No Positive Sign,No,0,,,No trials found,,,,,
14667,Risedronic acid,99214,cardiomyopathy due to anthracyclines,CompGCN,1,1,0,1,0,,,,,,,46,0,1,0,Neutral Relation,No Positive Sign,No,0,,,No trials found,,,,,
16028,Eribulin,99214,cardiomyopathy due to anthracyclines,TxGNN,2,2,0,2,0,,,,,,,47,0,1,0,Neutral Relation,No Positive Sign,No,0,,,No trials found,,,,,
15205,Pazopanib,99214,cardiomyopathy due to anthracyclines,CompGCN,8,8,0,1,7,,,,,,,47,0,0.125,0.875,Potentially Adverse Effect,No Positive Sign,No,0,,,No trials found,,,,,
20457,Ozagrel,99214,cardiomyopathy due to anthracyclines,TxGNN,1,1,0,1,0,,,,,,,48,0,1,0,Neutral Relation,No Positive Sign,No,0,,,No trials found,,,,,
18790,N-Acetylmethionine,99214,cardiomyopathy due to anthracyclines,RLR,2,2,0,2,0,2,0,0,0,0,0,49,0,1,0,Neutral Relation,No Positive Sign,No,0,,,No trials found,,,,,
14320,Dexamethasone,99214,cardiomyopathy due to anthracyclines,CompGCN,115,115,1,103,11,,,,,,,49,0.008695652,0.895652174,0.095652174,Potentially Adverse Effect,Potentially Therapeutic,Yes,1,NCT03044353,,Success - Found and processed details,2019-01-03 (ACTUAL),PHASE2,Amyloidosis,TERMINATED,Multiple Treatment Session Study to Assess GSK2398852 Administered Following and Along With GSK2315698
14399,Ticagrelor,99214,cardiomyopathy due to anthracyclines,TxGNN,13,13,0,13,0,,,,,,,49,0,1,0,Neutral Relation,No Positive Sign,Yes,1,NCT07349979,,Success - Found and processed details,2028-01-30 (ESTIMATED),NA,Heart Failure With Reduced Ejection Fraction; Coronary Artery Disease,NOT_YET_RECRUITING,PCI With Guideline-Directed Medical Therapy for HFpEF Patients With Ischemic Cardiomyopathy
16330,N-Acetylglucosamine,99214,cardiomyopathy due to anthracyclines,RLR,71,71,1,68,2,7,36,8,14,2,4,50,0.014084507,0.957746479,0.028169014,Potentially Adverse Effect,Potentially Therapeutic,No,0,,,No trials found,,,,,
14302,Amiodarone,99214,cardiomyopathy due to anthracyclines,CompGCN,200,200,0,185,15,,,,,,,50,0,0.925,0.075,Potentially Adverse Effect,No Positive Sign,Yes,17,NCT06138873,"NCT03193749,NCT05549752,NCT04239144,NCT01058837,NCT03685149,NCT00721032,NCT03228823,NCT07238452,NCT01181414,NCT00821353,NCT01722942,NCT04308031,NCT01566344,NCT03244748,NCT05524077,NCT03734562",Success - Found and processed details,2026-11-23 (ESTIMATED) || 2020-06 (ESTIMATED) || 2025-12-30 (ESTIMATED) || 2025-11-18 (ACTUAL) || 2011-08 (ESTIMATED) || 2022-07-31 (ACTUAL) || 2015-08 (ESTIMATED) || 2021-08-31 (ESTIMATED) || 2032-12-01 (ESTIMATED) || 2014-11 (ACTUAL) || 2012-06 (ACTUAL) || 2022-07-31 (ESTIMATED) || 2020-12-31 (ESTIMATED) || 2016-09 (ESTIMATED) || 2018-01-01 (ESTIMATED) || 2026-06-30 (ESTIMATED) || 2017-09-29 (ACTUAL),NA || PHASE3 || PHASE3 || NA || Unknown || PHASE2 || NA || PHASE4 || PHASE4 || PHASE4 || PHASE3 || NA || PHASE3 || NA || Unknown || NA || NA,"Ventricular Tachycardia; Ischemic Cardiomyopathy --- Chagas Cardiomyopathy --- Atrial Fibrillation Paroxysmal; Coronary Artery Disease Without Residual Ischemia --- Chagas Cardiomyopathy; Ventricular Arrythmia --- Left Ventricular Systolic Dysfunction; Congestive Heart Failure; Ischemic and Non-ischemic Cardiomyopathy; Sudden Cardiac Death Primary Prevention --- Arrhythmogenic Right Ventricular Cardiomyopathy --- Ventricular Tachycardia --- Ventricular Premature Beats, Contractions, or Systoles; Cardiomyopathies --- Heart Failure With Reduced Ejection Fraction; Atrial Fibrillation (AF) --- Chronic Heart Failure; Cardiomyopathy, Dilated; Atrial Fibrillation --- Atrial Fibrillation; Hypertrophic Cardiomyopathy --- Chagas Cardiomyopathy; Non-sustained Ventricular Tachycardia; At Least 10 Points in Rassi Risk Score for Death --- Atrial Fibrillation; Ivabradine; Heart Failure --- Heart Diseases; Cardiac Arrhythmias; Ventricular Premature Complexes; Systolic Heart Failure; Cardiomyopathies --- Ischemic Cardiomyopathy; Ventricular Tachycardia; ICD Shock --- Heart Disease Structural Disorder; Ventricular Tachycardia; Cardiomyopathy, Dilated; Sarcoidosis; Cardiomyopathy, Hypertrophic; Cardiomyopathy Ischemic; Cardiomyopathy, Familial; Arrhythmogenic Right Ventricular Cardiomyopathy 1; Arrhythmogenic Left Ventricular Cardiomyopathy --- Monomorphic Ventricular Tachycardia",RECRUITING || UNKNOWN || RECRUITING || COMPLETED || UNKNOWN || COMPLETED || WITHDRAWN || UNKNOWN || NOT_YET_RECRUITING || COMPLETED || COMPLETED || UNKNOWN || UNKNOWN || UNKNOWN || UNKNOWN || RECRUITING || COMPLETED,"Ablation-Index Guided Scar-Mediated Ventricular Tachycardia Ablation in Patients With Ischemic Cardiomyopathy || A Trial Testing Amiodarone in Chagas Cardiomiopathy || Flecainide Versus Amiodarone in the Cardioversion of Paroxysmal Atrial Fibrillation at the Emergency Department, in Patients With Coronary Artery Disease Without Residual Ischemia || Sympathetic Denervation by Video-assisted Thoracoscopy in Control of Cardiac Arrhythmias in Patients With Chagas Disease || SCD-HeFT 10 Year Follow-up || Pilot Randomized Trial With Flecainide in ARVC Patients || Anti-arrhythmic Medication v. MRI-Merge Ablation in the Treatment of Ventricular Tachycardia || Prospective Assessment of Premature Ventricular Contractions Suppression in Cardiomyopathy(PAPS) || Optimising Pacing Therapy, Integrated Medical Therapy, and Catheter AbLation for Atrial Fibrillation in Heart Failure Trial || Spanish Atrial Fibrillation And Resynchronization Study || Antiarrhythmic Therapy Versus Catheter Ablation for Atrial Fibrillation in Hypertrophic Cardiomyopathy || Amiodarone Against ICD Therapy in Chagas Cardiomyopathy for Primary Prevention of Death || Efficacy of Ivabradine in Patient With Both Persistent Atrial Fibrillation and Heart Failure With Reduce Ejection Fraction || Reversal of Cardiomyopathy by Suppression of Frequent Premature Ventricular Complexes || Amiodarone Usage After Ischemic Ventricular Tachycardia Ablation || Catheter Ablation Versus Anti-arrhythmic Drugs for Ventricular Tachycardia || Trial to Evaluate the Efficacy and Safety of Substrate Ablation of Monomorphic Ventricular Tachycardia"
14784,Theophylline,99214,cardiomyopathy due to anthracyclines,TxGNN,13,13,0,12,1,,,,,,,50,0,0.923076923,0.076923077,Potentially Adverse Effect,No Positive Sign,No,0,,,No trials found,,,,,